{"cameraMode":{"drawMode":0,"name":"Shaded","section":"Shading Mode"},"sceneLighting":true,"audioPlay":false,"sceneViewState":{"showFog":true,"showMaterialUpdate":false,"showSkybox":true,"showFlares":true,"showImageEffects":true,"showParticleSystems":true},"in2DMode":false,"pivot":{"x":0.7296829223632813,"y":1.4073954820632935,"z":90.07701873779297},"rotation":{"x":0.03561166301369667,"y":0.06351430714130402,"z":0.002268073381856084,"w":-0.9973428249359131},"size":27.2154541015625,"orthographic":false}